[
  {
    "id": "ef825daf-7b63-4bbb-a9d7-deb07742eb0f",
    "data": [
      {
        "text": "hey",
        "userDefined": false
      }
    ],
    "isTemplate": false,
    "count": 0,
    "updated": 1532589457
  },
  {
    "id": "dbf48023-00f0-408b-b16e-0e5170115723",
    "data": [
      {
        "text": "hi there",
        "userDefined": false
      }
    ],
    "isTemplate": false,
    "count": 0,
    "updated": 1532589457
  },
  {
    "id": "d140b8ab-0837-45be-a69b-369e4bdbfb73",
    "data": [
      {
        "text": "hello",
        "userDefined": false
      }
    ],
    "isTemplate": false,
    "count": 0,
    "updated": 1532589457
  },
  {
    "id": "64389e8b-1565-49ea-8a7a-67e7e140b1d2",
    "data": [
      {
        "text": "hi",
        "userDefined": false
      }
    ],
    "isTemplate": false,
    "count": 0,
    "updated": 1532589457
  }
]